method,seed,accuracy,f1,roc_auc,log_loss,membership_attack_auc,membership_advantage,wall_time_seconds,raw_data_bytes_shared,model_communication_bytes,total_estimated_bytes,mean_preclip_update_norm,privacy_mechanism,topology,secure_aggregation
Centralized,7,0.9230769230769231,0.9385474860335196,0.9844863731656185,0.18090765037524523,0.523790894420265,0.047581788840530104,0.04540385500001776,957648,0,957648,0.0,None; raw training data pooled,Central server with centralized data,False
FedAvg,7,0.9230769230769231,0.9392265193370166,0.9853249475890986,0.15603974076389768,0.5200743312631424,0.040148662526284795,0.13439978299993527,0,944160,944160,0.13651703640292084,Data minimization only,Coordinator-based federated learning,False
Secure FedAvg,7,0.9230769230769231,0.9392265193370166,0.9853249475890986,0.15603974076389485,0.5200743312631424,0.040148662526284795,0.12411609499997667,0,944160,944160,0.1365170364029215,Pairwise-mask secure aggregation simulation,Coordinator-based federated learning,True
DP-FedAvg (moderate),7,0.9020979020979021,0.9204545454545454,0.9765199161425577,0.2092426984374093,0.5590004401193213,0.11800088023864252,0.126530750000029,0,944160,944160,0.1578307545799746,Clipping + central Gaussian noise + secure aggregation simulation,Coordinator-based federated learning,True
DP-FedAvg (strong),7,0.8041958041958042,0.8271604938271605,0.909853249475891,0.8143146968772954,0.5759205829135899,0.15184116582717988,0.13275843200005966,0,944160,944160,0.30595566323422213,Stronger central Gaussian noise + secure aggregation simulation,Coordinator-based federated learning,True
GossipAvg,7,0.9230769230769231,0.9385474860335196,0.9842767295597484,0.1614813534765738,0.5165044745464326,0.033008949092865114,0.1388108649999822,0,1348800,1348800,0.11152977260777003,Peer-to-peer data minimization,Serverless ring gossip,False
Local-DP Gossip,7,0.9230769230769231,0.9385474860335196,0.9719077568134172,0.21315609004491784,0.5142549757934374,0.02850995158687475,0.15274601999999504,0,1348800,1348800,0.1336756672630097,Client update clipping + local Gaussian noise,Serverless ring gossip,False
Centralized,21,0.972027972027972,0.978021978021978,0.9970649895178197,0.07350619149699768,0.5571910606875641,0.11438212137512815,0.04062861399995654,957648,0,957648,0.0,None; raw training data pooled,Central server with centralized data,False
FedAvg,21,0.9790209790209791,0.9834254143646409,0.9989517819706498,0.08943115726017407,0.5544525404665264,0.10890508093305273,0.12227203399993414,0,944160,944160,0.13550620373654992,Data minimization only,Coordinator-based federated learning,False
Secure FedAvg,21,0.9790209790209791,0.9834254143646409,0.9989517819706498,0.08943115726017596,0.5544525404665264,0.10890508093305273,0.12763266199999634,0,944160,944160,0.13550620373655028,Pairwise-mask secure aggregation simulation,Coordinator-based federated learning,True
DP-FedAvg (moderate),21,0.9370629370629371,0.9497206703910615,0.9870020964360587,0.15559156538110824,0.5623257861020099,0.12465157220401979,0.12637163399995188,0,944160,944160,0.16463857996737327,Clipping + central Gaussian noise + secure aggregation simulation,Coordinator-based federated learning,True
DP-FedAvg (strong),21,0.8041958041958042,0.825,0.9184486373165618,0.8611962977053561,0.5581446525502469,0.11628930510049384,0.12574038000002474,0,944160,944160,0.33688351942545175,Stronger central Gaussian noise + secure aggregation simulation,Coordinator-based federated learning,True
GossipAvg,21,0.986013986013986,0.989010989010989,0.9991614255765199,0.09453418994171324,0.552349748153944,0.104699496307888,0.14487668699996448,0,1348800,1348800,0.11118681611460235,Peer-to-peer data minimization,Serverless ring gossip,False
Local-DP Gossip,21,0.965034965034965,0.9717514124293786,0.9979035639412999,0.11358500998132338,0.5535233996772458,0.10704679935449168,0.14284910500009573,0,1348800,1348800,0.14117835902509096,Client update clipping + local Gaussian noise,Serverless ring gossip,False
Centralized,42,0.9370629370629371,0.9485714285714286,0.9905660377358491,0.14560772412136713,0.6005428138295271,0.20108562765905424,0.04071939899995414,957648,0,957648,0.0,None; raw training data pooled,Central server with centralized data,False
FedAvg,42,0.9230769230769231,0.9371428571428572,0.9905660377358491,0.14954801020545166,0.6051640667025282,0.2103281334050564,0.12255359999994653,0,944160,944160,0.12462743111055688,Data minimization only,Coordinator-based federated learning,False
Secure FedAvg,42,0.9230769230769231,0.9371428571428572,0.9905660377358491,0.14954801020544858,0.6051640667025282,0.2103281334050564,0.12476639699991665,0,944160,944160,0.12462743111055648,Pairwise-mask secure aggregation simulation,Coordinator-based federated learning,True
DP-FedAvg (moderate),42,0.916083916083916,0.9302325581395349,0.9805031446540882,0.2059409764528993,0.5772653919507067,0.1545307839014134,0.12558773299997483,0,944160,944160,0.1549031126470841,Clipping + central Gaussian noise + secure aggregation simulation,Coordinator-based federated learning,True
DP-FedAvg (strong),42,0.8321678321678322,0.8571428571428571,0.9314465408805032,0.7130982953658889,0.5515184116582719,0.10303682331654374,0.12710467099998368,0,944160,944160,0.30451251463640155,Stronger central Gaussian noise + secure aggregation simulation,Coordinator-based federated learning,True
GossipAvg,42,0.9440559440559441,0.9545454545454546,0.9918238993710692,0.14942504362551665,0.5998337327008656,0.1996674654017312,0.14069081899992852,0,1348800,1348800,0.10399889499215653,Peer-to-peer data minimization,Serverless ring gossip,False
Local-DP Gossip,42,0.9370629370629371,0.9485714285714286,0.979035639412998,0.1938866922080713,0.569954521003472,0.13990904200694398,0.14495677100001103,0,1348800,1348800,0.1344460688179585,Client update clipping + local Gaussian noise,Serverless ring gossip,False
Centralized,84,0.9300699300699301,0.9456521739130435,0.9865828092243187,0.13876510010245807,0.5671670986356301,0.13433419727126017,0.04015310500005853,957648,0,957648,0.0,None; raw training data pooled,Central server with centralized data,False
FedAvg,84,0.9440559440559441,0.9565217391304348,0.9857442348008386,0.1416348298814109,0.5590493422661255,0.11809868453225092,0.11912209899992376,0,944160,944160,0.13329582817444285,Data minimization only,Coordinator-based federated learning,False
Secure FedAvg,84,0.9440559440559441,0.9565217391304348,0.9857442348008386,0.1416348298814093,0.5590493422661255,0.11809868453225092,0.12830661499992857,0,944160,944160,0.13329582817444374,Pairwise-mask secure aggregation simulation,Coordinator-based federated learning,True
DP-FedAvg (moderate),84,0.9090909090909091,0.9273743016759777,0.968972746331237,0.2027893104826851,0.5470683162990855,0.09413663259817096,0.1237722749999648,0,944160,944160,0.14189307738673804,Clipping + central Gaussian noise + secure aggregation simulation,Coordinator-based federated learning,True
DP-FedAvg (strong),84,0.8531468531468531,0.8786127167630058,0.9241090146750524,0.6913087775537532,0.5256736270722284,0.051347254144456844,0.12515158799999426,0,944160,944160,0.2515894306664905,Stronger central Gaussian noise + secure aggregation simulation,Coordinator-based federated learning,True
GossipAvg,84,0.951048951048951,0.9617486338797814,0.9859538784067086,0.14956388392529205,0.5515673138050761,0.10313462761015213,0.1411286069999278,0,1348800,1348800,0.1089645537128482,Peer-to-peer data minimization,Serverless ring gossip,False
Local-DP Gossip,84,0.9300699300699301,0.945054945054945,0.9710691823899371,0.1814884799630605,0.5556261919898283,0.11125238397965664,0.14567137400001684,0,1348800,1348800,0.12813339406812244,Client update clipping + local Gaussian noise,Serverless ring gossip,False
Centralized,126,0.9370629370629371,0.9508196721311475,0.9838574423480084,0.1503816313948845,0.5156242359039562,0.03124847180791246,0.04012001099999907,957648,0,957648,0.0,None; raw training data pooled,Central server with centralized data,False
FedAvg,126,0.9440559440559441,0.9565217391304348,0.9872117400419287,0.1190425550055205,0.5313218250281188,0.06264365005623751,0.12265526599992427,0,944160,944160,0.12888997241171038,Data minimization only,Coordinator-based federated learning,False
Secure FedAvg,126,0.9440559440559441,0.9565217391304348,0.9872117400419287,0.11904255500552156,0.5313218250281188,0.06264365005623751,0.12519004400007816,0,944160,944160,0.12888997241171132,Pairwise-mask secure aggregation simulation,Coordinator-based federated learning,True
DP-FedAvg (moderate),126,0.951048951048951,0.9608938547486033,0.9878406708595389,0.13727472163044627,0.5139615629126119,0.027923125825223716,0.12744146299996828,0,944160,944160,0.14770110897875963,Clipping + central Gaussian noise + secure aggregation simulation,Coordinator-based federated learning,True
DP-FedAvg (strong),126,0.8881118881118881,0.9080459770114943,0.9666666666666667,0.4503652528533277,0.48975500024451074,0.0,0.12605592700003854,0,944160,944160,0.26391046091075954,Stronger central Gaussian noise + secure aggregation simulation,Coordinator-based federated learning,True
GossipAvg,126,0.9370629370629371,0.9502762430939227,0.9842767295597484,0.13891020062024093,0.5198787226759255,0.039757445351850995,0.14049888399995325,0,1348800,1348800,0.10729244769718647,Peer-to-peer data minimization,Serverless ring gossip,False
Local-DP Gossip,126,0.9300699300699301,0.9438202247191011,0.9744234800838575,0.1842540166843205,0.5241332094478948,0.04826641889578953,0.14137012499998036,0,1348800,1348800,0.1302550700568434,Client update clipping + local Gaussian noise,Serverless ring gossip,False
